name,MDVP:Fo(Hz),MDVP:Fhi(Hz),MDVP:Flo(Hz),MDVP:Jitter(%),MDVP:Jitter(Abs),MDVP:RAP,MDVP:PPQ,Jitter:DDP,MDVP:Shimmer,MDVP:Shimmer(dB),Shimmer:APQ3,Shimmer:APQ5,MDVP:APQ,Shimmer:DDA,NHR,HNR,RPDE,DFA,spread1,spread2,D2,PPE,status
sample_healthy,119.992,157.302,74.997,0.00784,7e-05,0.0037,0.00554,0.01109,0.04374,0.426,0.02184,0.0313,0.02971,0.06545,0.02211,21.033,0.414783,0.815285,-4.813031,0.266482,2.301442,0.284654,0
sample_parkinson,122.4,148.65,113.819,0.00968,8e-05,0.00465,0.0068,0.01396,0.06134,0.626,0.03134,0.04518,0.04368,0.09403,0.01929,20.085,0.458359,0.819521,-4.075192,0.33559,2.486855,0.368674,1
